{"0":{"Date":1650864627,"Accuracy":0.9442656904,"Train Distribution":[27.02,24.82,24.19,23.97],"Test Distribution":[25.73,25.97,25.87,22.43],"Train Number":951,"Test Number":8563},"1":{"Date":1650864640,"Accuracy":0.8928798504,"Train Distribution":[25.66,25.87,24.4,24.08],"Test Distribution":[25.88,25.86,25.84,22.42],"Train Number":951,"Test Number":8563},"2":{"Date":1650864651,"Accuracy":0.9314834998,"Train Distribution":[25.13,25.13,25.66,24.08],"Test Distribution":[25.94,25.94,25.7,22.42],"Train Number":951,"Test Number":8563},"3":{"Date":1650832908,"Accuracy":0.9451508122,"Train Distribution":[25.24,27.13,25.66,21.98],"Test Distribution":[25.93,25.72,25.7,22.66],"Train Number":951,"Test Number":8563},"4":{"Date":1650832911,"Accuracy":0.9490074742,"Train Distribution":[25.54,25.7,26.05,22.7],"Test Distribution":[27.12,26.48,24.28,22.12],"Train Number":7611,"Test Number":1903},"5":{"Date":1650832915,"Accuracy":0.8867043061,"Train Distribution":[25.69,25.79,25.78,22.74],"Test Distribution":[26.54,26.12,25.38,21.97],"Train Number":7611,"Test Number":1903},"6":{"Date":1650832917,"Accuracy":0.9479848492,"Train Distribution":[25.57,25.67,25.94,22.82],"Test Distribution":[27.01,26.59,24.75,21.65],"Train Number":7611,"Test Number":1903},"7":{"Date":1650832920,"Accuracy":0.9578657125,"Train Distribution":[25.91,25.77,25.46,22.86],"Test Distribution":[25.64,26.22,26.64,21.49],"Train Number":7611,"Test Number":1903},"8":{"Date":1650832923,"Accuracy":0.9439114695,"Train Distribution":[25.03,26.18,26.81,21.98],"Test Distribution":[25.95,25.82,25.58,22.66],"Train Number":951,"Test Number":8563},"9":{"Date":1650832926,"Accuracy":0.8813438714,"Train Distribution":[25.55,24.29,27.02,23.13],"Test Distribution":[25.89,26.03,25.55,22.53],"Train Number":951,"Test Number":8563},"10":{"Date":1650832929,"Accuracy":0.9177844514,"Train Distribution":[25.66,26.29,25.66,22.4],"Test Distribution":[25.88,25.81,25.7,22.61],"Train Number":951,"Test Number":8563},"11":{"Date":1650832932,"Accuracy":0.9470886781,"Train Distribution":[24.82,26.71,25.13,23.34],"Test Distribution":[25.97,25.76,25.76,22.5],"Train Number":951,"Test Number":8563},"12":{"Date":1650832935,"Accuracy":0.9568897766,"Train Distribution":[25.75,26.07,25.62,22.56],"Test Distribution":[26.27,25.01,26.01,22.7],"Train Number":7611,"Test Number":1903},"13":{"Date":1650832939,"Accuracy":0.897678274,"Train Distribution":[25.49,26.05,25.54,22.91],"Test Distribution":[27.33,25.07,26.33,21.28],"Train Number":7611,"Test Number":1903},"14":{"Date":1650832942,"Accuracy":0.9388693606,"Train Distribution":[25.95,25.83,25.58,22.64],"Test Distribution":[25.49,25.96,26.17,22.39],"Train Number":7611,"Test Number":1903},"15":{"Date":1650832945,"Accuracy":0.9515232653,"Train Distribution":[25.83,25.59,25.57,23.01],"Test Distribution":[25.96,26.9,26.22,20.91],"Train Number":7611,"Test Number":1903},"16":{"Date":1650829529,"Accuracy":0.0,"Train Distribution":[0,0,0,0],"Test Distribution":[0,0,0,0],"Train Number":0,"Test Number":0},"17":{"Date":1650829529,"Accuracy":0.0,"Train Distribution":[0,0,0,0],"Test Distribution":[0,0,0,0],"Train Number":0,"Test Number":0},"18":{"Date":1650829529,"Accuracy":0.0,"Train Distribution":[0,0,0,0],"Test Distribution":[0,0,0,0],"Train Number":0,"Test Number":0},"19":{"Date":1650829529,"Accuracy":0.0,"Train Distribution":[0,0,0,0],"Test Distribution":[0,0,0,0],"Train Number":0,"Test Number":0},"20":{"Date":1650829529,"Accuracy":0.0,"Train Distribution":[0,0,0,0],"Test Distribution":[0,0,0,0],"Train Number":0,"Test Number":0},"21":{"Date":1650829529,"Accuracy":0.0,"Train Distribution":[0,0,0,0],"Test Distribution":[0,0,0,0],"Train Number":0,"Test Number":0},"22":{"Date":1650829529,"Accuracy":0.0,"Train Distribution":[0,0,0,0],"Test Distribution":[0,0,0,0],"Train Number":0,"Test Number":0},"23":{"Date":1650829529,"Accuracy":0.0,"Train Distribution":[0,0,0,0],"Test Distribution":[0,0,0,0],"Train Number":0,"Test Number":0},"24":{"Date":1650829529,"Accuracy":0.0,"Train Distribution":[0,0,0,0],"Test Distribution":[0,0,0,0],"Train Number":0,"Test Number":0},"25":{"Date":1650829529,"Accuracy":0.0,"Train Distribution":[0,0,0,0],"Test Distribution":[0,0,0,0],"Train Number":0,"Test Number":0},"26":{"Date":1650829529,"Accuracy":0.0,"Train Distribution":[0,0,0,0],"Test Distribution":[0,0,0,0],"Train Number":0,"Test Number":0},"27":{"Date":1650829529,"Accuracy":0.0,"Train Distribution":[0,0,0,0],"Test Distribution":[0,0,0,0],"Train Number":0,"Test Number":0},"28":{"Date":1650829529,"Accuracy":0.0,"Train Distribution":[0,0,0,0],"Test Distribution":[0,0,0,0],"Train Number":0,"Test Number":0},"29":{"Date":1650829529,"Accuracy":0.0,"Train Distribution":[0,0,0,0],"Test Distribution":[0,0,0,0],"Train Number":0,"Test Number":0},"30":{"Date":1650829529,"Accuracy":0.0,"Train Distribution":[0,0,0,0],"Test Distribution":[0,0,0,0],"Train Number":0,"Test Number":0},"31":{"Date":1650829529,"Accuracy":0.0,"Train Distribution":[0,0,0,0],"Test Distribution":[0,0,0,0],"Train Number":0,"Test Number":0},"32":{"Date":1650829529,"Accuracy":0.0,"Train Distribution":[0,0,0,0],"Test Distribution":[0,0,0,0],"Train Number":0,"Test Number":0}}