{"0":{"Segments":3,"Preprocessing":"None","Train Size":0.1,"Type":"SVM (RBF)","mean":0.9416802016,"std":0.0036759454,"min":0.9363483038,"max":0.94678009},"1":{"Segments":3,"Preprocessing":"None","Train Size":0.1,"Type":"SVM (linear)","mean":0.8898546354,"std":0.0039262842,"min":0.8838597644,"max":0.8952824939},"2":{"Segments":3,"Preprocessing":"None","Train Size":0.1,"Type":"Decision Tree","mean":0.9309403006,"std":0.0049151019,"min":0.9249925607,"max":0.9389746668},"3":{"Segments":3,"Preprocessing":"None","Train Size":0.1,"Type":"kNN","mean":0.9469043157,"std":0.0017037058,"min":0.9447578456,"max":0.9487899185},"4":{"Segments":3,"Preprocessing":"None","Train Size":0.8,"Type":"SVM (RBF)","mean":0.9538000155,"std":0.0052216638,"min":0.9473909706,"max":0.9621128091},"5":{"Segments":3,"Preprocessing":"None","Train Size":0.8,"Type":"SVM (linear)","mean":0.8960516763,"std":0.0031593233,"min":0.8909213705,"max":0.8994397012},"6":{"Segments":3,"Preprocessing":"None","Train Size":0.8,"Type":"Decision Tree","mean":0.9508567324,"std":0.0058903116,"min":0.9419809548,"max":0.959202918},"7":{"Segments":3,"Preprocessing":"None","Train Size":0.8,"Type":"kNN","mean":0.9613918255,"std":0.0019939952,"min":0.9598169514,"max":0.9652972601},"8":{"Segments":3,"Preprocessing":"LDA","Train Size":0.1,"Type":"SVM (RBF)","mean":0.9427636548,"std":0.0039913642,"min":0.9352097171,"max":0.946118123},"9":{"Segments":3,"Preprocessing":"LDA","Train Size":0.1,"Type":"SVM (linear)","mean":0.8907728517,"std":0.0021418847,"min":0.886948375,"max":0.8931952527},"10":{"Segments":3,"Preprocessing":"LDA","Train Size":0.1,"Type":"Decision Tree","mean":0.9136368152,"std":0.0069246014,"min":0.9000559672,"max":0.9184795345},"11":{"Segments":3,"Preprocessing":"LDA","Train Size":0.1,"Type":"kNN","mean":0.9439326022,"std":0.0014838296,"min":0.9416653726,"max":0.9462006443},"12":{"Segments":3,"Preprocessing":"LDA","Train Size":0.8,"Type":"SVM (RBF)","mean":0.9552692328,"std":0.0043419666,"min":0.9498770599,"max":0.9629592092},"13":{"Segments":3,"Preprocessing":"LDA","Train Size":0.8,"Type":"SVM (linear)","mean":0.8925620979,"std":0.004569991,"min":0.8879676769,"max":0.8992401175},"14":{"Segments":3,"Preprocessing":"LDA","Train Size":0.8,"Type":"Decision Tree","mean":0.9371200066,"std":0.005189411,"min":0.9273136774,"max":0.942464146},"15":{"Segments":3,"Preprocessing":"LDA","Train Size":0.8,"Type":"kNN","mean":0.9616383929,"std":0.0029469265,"min":0.9574882526,"max":0.9657352423},"16":{"Segments":0,"Preprocessing":"placeholder","Train Size":0.0,"Type":"placeholder","mean":0.0,"std":0.0,"min":0.0,"max":0.0},"17":{"Segments":0,"Preprocessing":"placeholder","Train Size":0.0,"Type":"placeholder","mean":0.0,"std":0.0,"min":0.0,"max":0.0},"18":{"Segments":0,"Preprocessing":"placeholder","Train Size":0.0,"Type":"placeholder","mean":0.0,"std":0.0,"min":0.0,"max":0.0},"19":{"Segments":0,"Preprocessing":"placeholder","Train Size":0.0,"Type":"placeholder","mean":0.0,"std":0.0,"min":0.0,"max":0.0},"20":{"Segments":0,"Preprocessing":"placeholder","Train Size":0.0,"Type":"placeholder","mean":0.0,"std":0.0,"min":0.0,"max":0.0},"21":{"Segments":0,"Preprocessing":"placeholder","Train Size":0.0,"Type":"placeholder","mean":0.0,"std":0.0,"min":0.0,"max":0.0},"22":{"Segments":0,"Preprocessing":"placeholder","Train Size":0.0,"Type":"placeholder","mean":0.0,"std":0.0,"min":0.0,"max":0.0},"23":{"Segments":0,"Preprocessing":"placeholder","Train Size":0.0,"Type":"placeholder","mean":0.0,"std":0.0,"min":0.0,"max":0.0},"24":{"Segments":0,"Preprocessing":"placeholder","Train Size":0.0,"Type":"placeholder","mean":0.0,"std":0.0,"min":0.0,"max":0.0},"25":{"Segments":0,"Preprocessing":"placeholder","Train Size":0.0,"Type":"placeholder","mean":0.0,"std":0.0,"min":0.0,"max":0.0},"26":{"Segments":0,"Preprocessing":"placeholder","Train Size":0.0,"Type":"placeholder","mean":0.0,"std":0.0,"min":0.0,"max":0.0},"27":{"Segments":0,"Preprocessing":"placeholder","Train Size":0.0,"Type":"placeholder","mean":0.0,"std":0.0,"min":0.0,"max":0.0},"28":{"Segments":0,"Preprocessing":"placeholder","Train Size":0.0,"Type":"placeholder","mean":0.0,"std":0.0,"min":0.0,"max":0.0},"29":{"Segments":0,"Preprocessing":"placeholder","Train Size":0.0,"Type":"placeholder","mean":0.0,"std":0.0,"min":0.0,"max":0.0},"30":{"Segments":0,"Preprocessing":"placeholder","Train Size":0.0,"Type":"placeholder","mean":0.0,"std":0.0,"min":0.0,"max":0.0},"31":{"Segments":0,"Preprocessing":"placeholder","Train Size":0.0,"Type":"placeholder","mean":0.0,"std":0.0,"min":0.0,"max":0.0},"32":{"Segments":0,"Preprocessing":"placeholder","Train Size":0.0,"Type":"placeholder","mean":0.0,"std":0.0,"min":0.0,"max":0.0}}