{"0":{"Date":1651015138,"Accuracy":0.94209587,"Fit Time \/ sample":0.0000089072,"Score Time \/ sample":0.0000136611,"Explained Variance":1.0,"Train Distribution":[25.87,25.87,25.66,22.61],"Test Distribution":[25.86,25.86,25.7,22.59],"Train Number":951,"Test Number":8563},"1":{"Date":1651015142,"Accuracy":0.894992654,"Fit Time \/ sample":0.0000214424,"Score Time \/ sample":0.0000093992,"Explained Variance":1.0,"Train Distribution":[25.87,25.87,25.66,22.61],"Test Distribution":[25.86,25.86,25.7,22.59],"Train Number":951,"Test Number":8563},"2":{"Date":1651015145,"Accuracy":0.9375328337,"Fit Time \/ sample":0.0000047531,"Score Time \/ sample":0.0000009974,"Explained Variance":1.0,"Train Distribution":[25.87,25.87,25.66,22.61],"Test Distribution":[25.86,25.86,25.7,22.59],"Train Number":951,"Test Number":8563},"3":{"Date":1651015149,"Accuracy":0.9506004207,"Fit Time \/ sample":0.0000013525,"Score Time \/ sample":0.0000358158,"Explained Variance":1.0,"Train Distribution":[25.87,25.87,25.66,22.61],"Test Distribution":[25.86,25.86,25.7,22.59],"Train Number":951,"Test Number":8563},"4":{"Date":1651015153,"Accuracy":0.9623934007,"Fit Time \/ sample":0.0000412345,"Score Time \/ sample":0.0000711561,"Explained Variance":1.0,"Train Distribution":[25.86,25.86,25.7,22.59],"Test Distribution":[25.85,25.85,25.7,22.6],"Train Number":7611,"Test Number":1903},"5":{"Date":1651015157,"Accuracy":0.9007535463,"Fit Time \/ sample":0.0001026319,"Score Time \/ sample":0.0000667947,"Explained Variance":1.0,"Train Distribution":[25.86,25.86,25.7,22.59],"Test Distribution":[25.85,25.85,25.7,22.6],"Train Number":7611,"Test Number":1903},"6":{"Date":1651015160,"Accuracy":0.9532253392,"Fit Time \/ sample":0.0000070497,"Score Time \/ sample":0.0000012867,"Explained Variance":1.0,"Train Distribution":[25.86,25.86,25.7,22.59],"Test Distribution":[25.85,25.85,25.7,22.6],"Train Number":7611,"Test Number":1903},"7":{"Date":1651015163,"Accuracy":0.9698237139,"Fit Time \/ sample":0.0000006745,"Score Time \/ sample":0.0000341618,"Explained Variance":1.0,"Train Distribution":[25.86,25.86,25.7,22.59],"Test Distribution":[25.85,25.85,25.7,22.6],"Train Number":7611,"Test Number":1903},"8":{"Date":1651015166,"Accuracy":0.9449096171,"Fit Time \/ sample":0.0000189559,"Score Time \/ sample":0.00001782,"Explained Variance":1.0,"Train Distribution":[25.87,25.87,25.66,22.61],"Test Distribution":[25.86,25.86,25.7,22.59],"Train Number":951,"Test Number":8563},"9":{"Date":1651015169,"Accuracy":0.8953893933,"Fit Time \/ sample":0.0000138624,"Score Time \/ sample":0.0000076274,"Explained Variance":1.0,"Train Distribution":[25.87,25.87,25.66,22.61],"Test Distribution":[25.86,25.86,25.7,22.59],"Train Number":951,"Test Number":8563},"10":{"Date":1651015172,"Accuracy":0.9166006879,"Fit Time \/ sample":0.0000056859,"Score Time \/ sample":0.0000010027,"Explained Variance":1.0,"Train Distribution":[25.87,25.87,25.66,22.61],"Test Distribution":[25.86,25.86,25.7,22.59],"Train Number":951,"Test Number":8563},"11":{"Date":1651015176,"Accuracy":0.946610792,"Fit Time \/ sample":0.0000032817,"Score Time \/ sample":0.0000347473,"Explained Variance":1.0,"Train Distribution":[25.87,25.87,25.66,22.61],"Test Distribution":[25.86,25.86,25.7,22.59],"Train Number":951,"Test Number":8563},"12":{"Date":1651015179,"Accuracy":0.9685019232,"Fit Time \/ sample":0.0000319878,"Score Time \/ sample":0.0000515236,"Explained Variance":1.0,"Train Distribution":[25.86,25.86,25.7,22.59],"Test Distribution":[25.85,25.85,25.7,22.6],"Train Number":7611,"Test Number":1903},"13":{"Date":1651015183,"Accuracy":0.8988645406,"Fit Time \/ sample":0.0000802106,"Score Time \/ sample":0.0000427348,"Explained Variance":1.0,"Train Distribution":[25.86,25.86,25.7,22.59],"Test Distribution":[25.85,25.85,25.7,22.6],"Train Number":7611,"Test Number":1903},"14":{"Date":1651015186,"Accuracy":0.9468783167,"Fit Time \/ sample":0.0000052951,"Score Time \/ sample":0.0000012488,"Explained Variance":1.0,"Train Distribution":[25.86,25.86,25.7,22.59],"Test Distribution":[25.85,25.85,25.7,22.6],"Train Number":7611,"Test Number":1903},"15":{"Date":1651015190,"Accuracy":0.9678270505,"Fit Time \/ sample":0.0000013134,"Score Time \/ sample":0.0000343355,"Explained Variance":1.0,"Train Distribution":[25.86,25.86,25.7,22.59],"Test Distribution":[25.85,25.85,25.7,22.6],"Train Number":7611,"Test Number":1903},"16":{"Date":1650829529,"Accuracy":0.0,"Fit Time \/ sample":0.0,"Score Time \/ sample":0.0,"Explained Variance":0.0,"Train Distribution":[0,0,0,0],"Test Distribution":[0,0,0,0],"Train Number":0,"Test Number":0},"17":{"Date":1650829529,"Accuracy":0.0,"Fit Time \/ sample":0.0,"Score Time \/ sample":0.0,"Explained Variance":0.0,"Train Distribution":[0,0,0,0],"Test Distribution":[0,0,0,0],"Train Number":0,"Test Number":0},"18":{"Date":1650829529,"Accuracy":0.0,"Fit Time \/ sample":0.0,"Score Time \/ sample":0.0,"Explained Variance":0.0,"Train Distribution":[0,0,0,0],"Test Distribution":[0,0,0,0],"Train Number":0,"Test Number":0},"19":{"Date":1650829529,"Accuracy":0.0,"Fit Time \/ sample":0.0,"Score Time \/ sample":0.0,"Explained Variance":0.0,"Train Distribution":[0,0,0,0],"Test Distribution":[0,0,0,0],"Train Number":0,"Test Number":0},"20":{"Date":1650829529,"Accuracy":0.0,"Fit Time \/ sample":0.0,"Score Time \/ sample":0.0,"Explained Variance":0.0,"Train Distribution":[0,0,0,0],"Test Distribution":[0,0,0,0],"Train Number":0,"Test Number":0},"21":{"Date":1650829529,"Accuracy":0.0,"Fit Time \/ sample":0.0,"Score Time \/ sample":0.0,"Explained Variance":0.0,"Train Distribution":[0,0,0,0],"Test Distribution":[0,0,0,0],"Train Number":0,"Test Number":0},"22":{"Date":1650829529,"Accuracy":0.0,"Fit Time \/ sample":0.0,"Score Time \/ sample":0.0,"Explained Variance":0.0,"Train Distribution":[0,0,0,0],"Test Distribution":[0,0,0,0],"Train Number":0,"Test Number":0},"23":{"Date":1650829529,"Accuracy":0.0,"Fit Time \/ sample":0.0,"Score Time \/ sample":0.0,"Explained Variance":0.0,"Train Distribution":[0,0,0,0],"Test Distribution":[0,0,0,0],"Train Number":0,"Test Number":0},"24":{"Date":1650829529,"Accuracy":0.0,"Fit Time \/ sample":0.0,"Score Time \/ sample":0.0,"Explained Variance":0.0,"Train Distribution":[0,0,0,0],"Test Distribution":[0,0,0,0],"Train Number":0,"Test Number":0},"25":{"Date":1650829529,"Accuracy":0.0,"Fit Time \/ sample":0.0,"Score Time \/ sample":0.0,"Explained Variance":0.0,"Train Distribution":[0,0,0,0],"Test Distribution":[0,0,0,0],"Train Number":0,"Test Number":0},"26":{"Date":1650829529,"Accuracy":0.0,"Fit Time \/ sample":0.0,"Score Time \/ sample":0.0,"Explained Variance":0.0,"Train Distribution":[0,0,0,0],"Test Distribution":[0,0,0,0],"Train Number":0,"Test Number":0},"27":{"Date":1650829529,"Accuracy":0.0,"Fit Time \/ sample":0.0,"Score Time \/ sample":0.0,"Explained Variance":0.0,"Train Distribution":[0,0,0,0],"Test Distribution":[0,0,0,0],"Train Number":0,"Test Number":0},"28":{"Date":1650829529,"Accuracy":0.0,"Fit Time \/ sample":0.0,"Score Time \/ sample":0.0,"Explained Variance":0.0,"Train Distribution":[0,0,0,0],"Test Distribution":[0,0,0,0],"Train Number":0,"Test Number":0},"29":{"Date":1650829529,"Accuracy":0.0,"Fit Time \/ sample":0.0,"Score Time \/ sample":0.0,"Explained Variance":0.0,"Train Distribution":[0,0,0,0],"Test Distribution":[0,0,0,0],"Train Number":0,"Test Number":0},"30":{"Date":1650829529,"Accuracy":0.0,"Fit Time \/ sample":0.0,"Score Time \/ sample":0.0,"Explained Variance":0.0,"Train Distribution":[0,0,0,0],"Test Distribution":[0,0,0,0],"Train Number":0,"Test Number":0},"31":{"Date":1650829529,"Accuracy":0.0,"Fit Time \/ sample":0.0,"Score Time \/ sample":0.0,"Explained Variance":0.0,"Train Distribution":[0,0,0,0],"Test Distribution":[0,0,0,0],"Train Number":0,"Test Number":0},"32":{"Date":1650829529,"Accuracy":0.0,"Fit Time \/ sample":0.0,"Score Time \/ sample":0.0,"Explained Variance":0.0,"Train Distribution":[0,0,0,0],"Test Distribution":[0,0,0,0],"Train Number":0,"Test Number":0}}