{"0":{"Date":1651034893000,"Accuracy":0.9447471746,"Fit Time \/ sample":0.0000516947,"Score Time \/ sample":0.0000181266,"Train Distribution":[25.87,25.87,25.66,22.61],"Test Distribution":[25.86,25.86,25.7,22.59],"Train Number":951,"Test Number":8563},"1":{"Date":1651034897000,"Accuracy":0.891276133,"Fit Time \/ sample":0.0000808901,"Score Time \/ sample":0.0000092348,"Train Distribution":[25.87,25.87,25.66,22.61],"Test Distribution":[25.86,25.86,25.7,22.59],"Train Number":951,"Test Number":8563},"2":{"Date":1651034900000,"Accuracy":0.9359627948,"Fit Time \/ sample":0.0000056955,"Score Time \/ sample":0.0000009624,"Train Distribution":[25.87,25.87,25.66,22.61],"Test Distribution":[25.86,25.86,25.7,22.59],"Train Number":951,"Test Number":8563},"3":{"Date":1651034904000,"Accuracy":0.9485413193,"Fit Time \/ sample":0.0000014551,"Score Time \/ sample":0.0000384175,"Train Distribution":[25.87,25.87,25.66,22.61],"Test Distribution":[25.86,25.86,25.7,22.59],"Train Number":951,"Test Number":8563},"4":{"Date":1651034910000,"Accuracy":0.9600584672,"Fit Time \/ sample":0.000248584,"Score Time \/ sample":0.0000848964,"Train Distribution":[25.86,25.86,25.7,22.59],"Test Distribution":[25.85,25.85,25.7,22.6],"Train Number":7611,"Test Number":1903},"5":{"Date":1651034918000,"Accuracy":0.8931300871,"Fit Time \/ sample":0.0004934275,"Score Time \/ sample":0.0000797943,"Train Distribution":[25.86,25.86,25.7,22.59],"Test Distribution":[25.85,25.85,25.7,22.6],"Train Number":7611,"Test Number":1903},"6":{"Date":1651034921000,"Accuracy":0.9541808035,"Fit Time \/ sample":0.0000095443,"Score Time \/ sample":0.0000020142,"Train Distribution":[25.86,25.86,25.7,22.59],"Test Distribution":[25.85,25.85,25.7,22.6],"Train Number":7611,"Test Number":1903},"7":{"Date":1651034925000,"Accuracy":0.963554582,"Fit Time \/ sample":0.0000007923,"Score Time \/ sample":0.0000425976,"Train Distribution":[25.86,25.86,25.7,22.59],"Test Distribution":[25.85,25.85,25.7,22.6],"Train Number":7611,"Test Number":1903},"8":{"Date":1651034928000,"Accuracy":0.9461303548,"Fit Time \/ sample":0.0000690567,"Score Time \/ sample":0.0000159378,"Train Distribution":[25.87,25.87,25.66,22.61],"Test Distribution":[25.86,25.86,25.7,22.59],"Train Number":951,"Test Number":8563},"9":{"Date":1651034931000,"Accuracy":0.8960430585,"Fit Time \/ sample":0.0000666797,"Score Time \/ sample":0.0000086269,"Train Distribution":[25.87,25.87,25.66,22.61],"Test Distribution":[25.86,25.86,25.7,22.59],"Train Number":951,"Test Number":8563},"10":{"Date":1651034934000,"Accuracy":0.9154170898,"Fit Time \/ sample":0.0000055503,"Score Time \/ sample":0.0000014469,"Train Distribution":[25.87,25.87,25.66,22.61],"Test Distribution":[25.86,25.86,25.7,22.59],"Train Number":951,"Test Number":8563},"11":{"Date":1651034938000,"Accuracy":0.947560623,"Fit Time \/ sample":0.0000025634,"Score Time \/ sample":0.0000408002,"Train Distribution":[25.87,25.87,25.66,22.61],"Test Distribution":[25.86,25.86,25.7,22.59],"Train Number":951,"Test Number":8563},"12":{"Date":1651034944000,"Accuracy":0.9622999233,"Fit Time \/ sample":0.000235228,"Score Time \/ sample":0.0000825368,"Train Distribution":[25.86,25.86,25.7,22.59],"Test Distribution":[25.85,25.85,25.7,22.6],"Train Number":7611,"Test Number":1903},"13":{"Date":1651034951000,"Accuracy":0.8978716099,"Fit Time \/ sample":0.0003939651,"Score Time \/ sample":0.0000641288,"Train Distribution":[25.86,25.86,25.7,22.59],"Test Distribution":[25.85,25.85,25.7,22.6],"Train Number":7611,"Test Number":1903},"14":{"Date":1651034954000,"Accuracy":0.9422381155,"Fit Time \/ sample":0.0000083144,"Score Time \/ sample":0.000002079,"Train Distribution":[25.86,25.86,25.7,22.59],"Test Distribution":[25.85,25.85,25.7,22.6],"Train Number":7611,"Test Number":1903},"15":{"Date":1651034958000,"Accuracy":0.9668263771,"Fit Time \/ sample":0.0000015192,"Score Time \/ sample":0.0000436506,"Train Distribution":[25.86,25.86,25.7,22.59],"Test Distribution":[25.85,25.85,25.7,22.6],"Train Number":7611,"Test Number":1903},"16":{"Date":1651034962000,"Accuracy":0.9496773201,"Fit Time \/ sample":0.0000695603,"Score Time \/ sample":0.0000265041,"Train Distribution":[25.89,25.89,25.68,22.53],"Test Distribution":[25.89,25.89,25.68,22.53],"Train Number":950,"Test Number":8550},"17":{"Date":1651034965000,"Accuracy":0.9045613236,"Fit Time \/ sample":0.0001085791,"Score Time \/ sample":0.0000151718,"Train Distribution":[25.89,25.89,25.68,22.53],"Test Distribution":[25.89,25.89,25.68,22.53],"Train Number":950,"Test Number":8550},"18":{"Date":1651034969000,"Accuracy":0.9467491214,"Fit Time \/ sample":0.0000204638,"Score Time \/ sample":0.0000014206,"Train Distribution":[25.89,25.89,25.68,22.53],"Test Distribution":[25.89,25.89,25.68,22.53],"Train Number":950,"Test Number":8550},"19":{"Date":1651034973000,"Accuracy":0.9552786795,"Fit Time \/ sample":0.0000026141,"Score Time \/ sample":0.0000470642,"Train Distribution":[25.89,25.89,25.68,22.53],"Test Distribution":[25.89,25.89,25.68,22.53],"Train Number":950,"Test Number":8550},"20":{"Date":1651034980000,"Accuracy":0.9618978343,"Fit Time \/ sample":0.0002994612,"Score Time \/ sample":0.0000885546,"Train Distribution":[25.89,25.89,25.68,22.53],"Test Distribution":[25.89,25.89,25.68,22.53],"Train Number":7600,"Test Number":1900},"21":{"Date":1651034988000,"Accuracy":0.9145479659,"Fit Time \/ sample":0.000586909,"Score Time \/ sample":0.000081359,"Train Distribution":[25.89,25.89,25.68,22.53],"Test Distribution":[25.89,25.89,25.68,22.53],"Train Number":7600,"Test Number":1900},"22":{"Date":1651034992000,"Accuracy":0.9651435765,"Fit Time \/ sample":0.0000225694,"Score Time \/ sample":0.0000016995,"Train Distribution":[25.89,25.89,25.68,22.53],"Test Distribution":[25.89,25.89,25.68,22.53],"Train Number":7600,"Test Number":1900},"23":{"Date":1651034996000,"Accuracy":0.9716745311,"Fit Time \/ sample":0.0000017184,"Score Time \/ sample":0.0000674907,"Train Distribution":[25.89,25.89,25.68,22.53],"Test Distribution":[25.89,25.89,25.68,22.53],"Train Number":7600,"Test Number":1900},"24":{"Date":1651035000000,"Accuracy":0.918994595,"Fit Time \/ sample":0.0000815931,"Score Time \/ sample":0.0000226395,"Train Distribution":[25.89,25.89,25.68,22.53],"Test Distribution":[25.89,25.89,25.68,22.53],"Train Number":950,"Test Number":8550},"25":{"Date":1651035004000,"Accuracy":0.9033524787,"Fit Time \/ sample":0.0000489601,"Score Time \/ sample":0.000008549,"Train Distribution":[25.89,25.89,25.68,22.53],"Test Distribution":[25.89,25.89,25.68,22.53],"Train Number":950,"Test Number":8550},"26":{"Date":1651035007000,"Accuracy":0.8874650555,"Fit Time \/ sample":0.000007451,"Score Time \/ sample":0.0000011216,"Train Distribution":[25.89,25.89,25.68,22.53],"Test Distribution":[25.89,25.89,25.68,22.53],"Train Number":950,"Test Number":8550},"27":{"Date":1651035011000,"Accuracy":0.9140446279,"Fit Time \/ sample":0.0000046216,"Score Time \/ sample":0.0000406854,"Train Distribution":[25.89,25.89,25.68,22.53],"Test Distribution":[25.89,25.89,25.68,22.53],"Train Number":950,"Test Number":8550},"28":{"Date":1651035018000,"Accuracy":0.9288172581,"Fit Time \/ sample":0.0002913188,"Score Time \/ sample":0.0001025527,"Train Distribution":[25.89,25.89,25.68,22.53],"Test Distribution":[25.89,25.89,25.68,22.53],"Train Number":7600,"Test Number":1900},"29":{"Date":1651035025000,"Accuracy":0.9100270328,"Fit Time \/ sample":0.0003785871,"Score Time \/ sample":0.0000560778,"Train Distribution":[25.89,25.89,25.68,22.53],"Test Distribution":[25.89,25.89,25.68,22.53],"Train Number":7600,"Test Number":1900},"30":{"Date":1651035029000,"Accuracy":0.8982794733,"Fit Time \/ sample":0.0000071729,"Score Time \/ sample":0.0000018959,"Train Distribution":[25.89,25.89,25.68,22.53],"Test Distribution":[25.89,25.89,25.68,22.53],"Train Number":7600,"Test Number":1900},"31":{"Date":1651035033000,"Accuracy":0.933563218,"Fit Time \/ sample":0.000002538,"Score Time \/ sample":0.000040465,"Train Distribution":[25.89,25.89,25.68,22.53],