{"0":{"Name":"svm_80_lda","Date":1650657941,"Type":"svm","Preprocessing":"lda","Train Size":0.8,"Accuracy":0.9588857069,"Train Distribution":[26.11,25.78,25.8,22.31],"Test Distribution":[24.86,26.17,25.28,23.7],"Train Number":7611,"Test Number":1903},"1":{"Name":"svm_10_none","Date":1650657970,"Type":"svm","Preprocessing":"none","Train Size":0.1,"Accuracy":0.9397928036,"Train Distribution":[27.13,23.76,27.34,21.77],"Test Distribution":[25.72,26.09,25.52,22.68],"Train Number":951,"Test Number":8563}}